{"cameraMode":{"drawMode":0,"name":"Shaded","section":"Shading Mode"},"sceneLighting":true,"audioPlay":false,"sceneViewState":{"showFog":true,"showMaterialUpdate":false,"showSkybox":true,"showFlares":true,"showImageEffects":true,"showParticleSystems":true},"in2DMode":false,"pivot":{"x":4.186801433563232,"y":4.055261135101318,"z":-10.40993881225586},"rotation":{"x":-0.4331679046154022,"y":-0.14970292150974275,"z":0.07316960394382477,"w":-0.8858108520507813},"size":32.019344329833987,"orthographic":false}