{"cameraMode":{"drawMode":0,"name":"Shaded","section":"Shading Mode"},"sceneLighting":true,"audioPlay":false,"sceneViewState":{"showFog":true,"showMaterialUpdate":false,"showSkybox":false,"showFlares":true,"showImageEffects":true,"showParticleSystems":true},"in2DMode":false,"pivot":{"x":-5.195693492889404,"y":-4.228211402893066,"z":1.3605479001998902},"rotation":{"x":0.22388328611850739,"y":-0.6891008615493774,"z":0.23857936263084413,"w":0.6466186046600342},"size":8.66025447845459,"orthographic":false}