{"cameraMode":{"drawMode":0,"name":"Shaded","section":"Shading Mode"},"sceneLighting":true,"audioPlay":false,"sceneViewState":{"showFog":true,"showMaterialUpdate":false,"showSkybox":true,"showFlares":true,"showImageEffects":true,"showParticleSystems":true},"in2DMode":false,"pivot":{"x":-33.36796569824219,"y":-8.331199645996094,"z":7.947717189788818},"rotation":{"x":-0.12804515659809113,"y":0.8151442408561707,"z":-0.1971617490053177,"w":-0.5294314026832581},"size":17.475936889648439,"orthographic":false}