{"cameraMode":{"drawMode":0,"name":"Shaded","section":"Shading Mode"},"sceneLighting":false,"audioPlay":false,"sceneViewState":{"showFog":true,"showMaterialUpdate":false,"showSkybox":false,"showFlares":true,"showImageEffects":true,"showParticleSystems":true},"in2DMode":false,"pivot":{"x":-10.56332778930664,"y":4.385195732116699,"z":18.03049659729004},"rotation":{"x":-0.12804515659809113,"y":0.8151442408561707,"z":-0.1971617490053177,"w":-0.5294314026832581},"size":3.188434600830078,"orthographic":false}