{"cameraMode":{"drawMode":0,"name":"Shaded","section":"Shading Mode"},"sceneLighting":false,"audioPlay":false,"sceneViewState":{"showFog":true,"showMaterialUpdate":false,"showSkybox":false,"showFlares":true,"showImageEffects":true,"showParticleSystems":true},"in2DMode":false,"pivot":{"x":0.2800000011920929,"y":-0.1550000011920929,"z":0.0},"rotation":{"x":-0.2384544014930725,"y":0.13840843737125398,"z":-0.034356921911239627,"w":-0.9606279134750366},"size":1.4769648313522339,"orthographic":false}