{"cameraMode":{"drawMode":0,"name":"Shaded","section":"Shading Mode"},"sceneLighting":false,"audioPlay":false,"sceneViewState":{"showFog":true,"showMaterialUpdate":false,"showSkybox":false,"showFlares":true,"showImageEffects":true,"showParticleSystems":true},"in2DMode":false,"pivot":{"x":0.32809406518936159,"y":2.4574310779571535,"z":1.9504286050796509},"rotation":{"x":-0.0009534215205349028,"y":-0.9650084376335144,"z":0.2624039351940155,"w":-0.0034565445967018606},"size":3.18843412399292,"orthographic":false}