{"cameraMode":{"drawMode":0,"name":"Shaded","section":"Shading Mode"},"sceneLighting":false,"audioPlay":false,"sceneViewState":{"showFog":true,"showMaterialUpdate":false,"showSkybox":false,"showFlares":true,"showImageEffects":true,"showParticleSystems":true},"in2DMode":false,"pivot":{"x":-1.2411260604858399,"y":-1.0734283924102784,"z":-9.993144035339356},"rotation":{"x":-0.003293173387646675,"y":0.9859570264816284,"z":-0.1660105586051941,"w":-0.019557613879442216},"size":10.0,"orthographic":false}