{"cameraMode":{"drawMode":0,"name":"Shaded","section":"Shading Mode"},"sceneLighting":false,"audioPlay":false,"sceneViewState":{"showFog":true,"showMaterialUpdate":false,"showSkybox":false,"showFlares":true,"showImageEffects":true,"showParticleSystems":true},"in2DMode":false,"pivot":{"x":1.8269739151000977,"y":1.5096849203109742,"z":-0.39372718334198},"rotation":{"x":0.18260076642036439,"y":0.7166067957878113,"z":-0.20426177978515626,"w":0.6415799260139465},"size":3.4224443435668947,"orthographic":false}