{"cameraMode":{"drawMode":0,"name":"Shaded","section":"Shading Mode"},"sceneLighting":false,"audioPlay":false,"sceneViewState":{"showFog":true,"showMaterialUpdate":false,"showSkybox":false,"showFlares":true,"showImageEffects":true,"showParticleSystems":true},"in2DMode":false,"pivot":{"x":-3.288069486618042,"y":6.1331257820129398,"z":-1.0014106035232545},"rotation":{"x":-0.27283376455307009,"y":-0.6424519419670105,"z":0.2631947100162506,"w":-0.6660038828849793},"size":3.4224443435668947,"orthographic":false}