{"cameraMode":{"drawMode":0,"name":"Shaded","section":"Shading Mode"},"sceneLighting":false,"audioPlay":false,"sceneViewState":{"showFog":true,"showMaterialUpdate":false,"showSkybox":false,"showFlares":true,"showImageEffects":true,"showParticleSystems":true},"in2DMode":false,"pivot":{"x":2.814087390899658,"y":2.212254285812378,"z":3.2754483222961427},"rotation":{"x":-0.045538101345300677,"y":0.8586958646774292,"z":-0.07749339938163758,"w":-0.5046504139900208},"size":2.5367183685302736,"orthographic":false}