{"cameraMode":{"drawMode":0,"name":"Shaded","section":"Shading Mode"},"sceneLighting":false,"audioPlay":false,"sceneViewState":{"showFog":true,"showMaterialUpdate":false,"showSkybox":false,"showFlares":true,"showImageEffects":true,"showParticleSystems":true},"in2DMode":false,"pivot":{"x":0.3178933262825012,"y":2.731560468673706,"z":1.0553337335586548},"rotation":{"x":-0.14895018935203553,"y":-0.6648841500282288,"z":0.13776648044586183,"w":-0.7188721895217896},"size":3.4224443435668947,"orthographic":false}