{"cameraMode":{"drawMode":0,"name":"Shaded","section":"Shading Mode"},"sceneLighting":false,"audioPlay":false,"sceneViewState":{"showFog":true,"showMaterialUpdate":false,"showSkybox":false,"showFlares":true,"showImageEffects":true,"showParticleSystems":true},"in2DMode":false,"pivot":{"x":-0.0013626900035887957,"y":0.22178950905799867,"z":-0.21115079522132874},"rotation":{"x":-0.10815224796533585,"y":0.8577779531478882,"z":-0.20675413310527802,"w":-0.45836612582206728},"size":1.3856406211853028,"orthographic":false}