{"cameraMode":{"drawMode":0,"name":"Shaded","section":"Shading Mode"},"sceneLighting":false,"audioPlay":false,"sceneViewState":{"showFog":true,"showMaterialUpdate":false,"showSkybox":false,"showFlares":true,"showImageEffects":true,"showParticleSystems":true},"in2DMode":false,"pivot":{"x":1.8035184144973755,"y":2.3393824100494386,"z":0.6935877203941345},"rotation":{"x":-0.06872549653053284,"y":-0.6270389556884766,"z":0.053153716027736667,"w":-0.7743444442749023},"size":3.5111429691314699,"orthographic":false}