{"cameraMode":{"drawMode":0,"name":"Shaded","section":"Shading Mode"},"sceneLighting":true,"audioPlay":false,"sceneViewState":{"showFog":true,"showMaterialUpdate":false,"showSkybox":true,"showFlares":true,"showImageEffects":true,"showParticleSystems":true},"in2DMode":false,"pivot":{"x":-32.53875732421875,"y":52.34869384765625,"z":-54.844825744628909},"rotation":{"x":0.3453487455844879,"y":0.18850168585777284,"z":-0.07099492847919464,"w":0.9166232347488403},"size":8.284893035888672,"orthographic":false}