{"cameraMode":{"drawMode":0,"name":"Shaded","section":"Shading Mode"},"sceneLighting":false,"audioPlay":false,"sceneViewState":{"showFog":true,"showMaterialUpdate":false,"showSkybox":false,"showFlares":true,"showImageEffects":true,"showParticleSystems":true},"in2DMode":false,"pivot":{"x":0.3986964225769043,"y":5.798558712005615,"z":-0.6789027452468872},"rotation":{"x":-0.40115639567375185,"y":0.011540715582668782,"z":-0.0050502559170126919,"w":-0.9159300923347473},"size":3.4224443435668947,"orthographic":false}