{"cameraMode":{"drawMode":0,"name":"Shaded","section":"Shading Mode"},"sceneLighting":false,"audioPlay":false,"sceneViewState":{"showFog":true,"showMaterialUpdate":false,"showSkybox":false,"showFlares":true,"showImageEffects":true,"showParticleSystems":true},"in2DMode":false,"pivot":{"x":3.778310775756836,"y":2.598036289215088,"z":0.6904401779174805},"rotation":{"x":-0.02755788527429104,"y":-0.683194100856781,"z":0.023172274231910707,"w":-0.7295852899551392},"size":3.5111429691314699,"orthographic":false}