{"cameraMode":{"drawMode":0,"name":"Shaded","section":"Shading Mode"},"sceneLighting":false,"audioPlay":false,"sceneViewState":{"showFog":true,"showMaterialUpdate":false,"showSkybox":false,"showFlares":true,"showImageEffects":true,"showParticleSystems":true},"in2DMode":false,"pivot":{"x":-4.457186222076416,"y":4.9123005867004398,"z":1.0443496704101563},"rotation":{"x":-0.13942961394786836,"y":-0.6777166724205017,"z":0.13027723133563996,"w":-0.7103738784790039},"size":1.7492859363555909,"orthographic":false}