{"cameraMode":{"drawMode":0,"name":"Shaded","section":"Shading Mode"},"sceneLighting":false,"audioPlay":false,"sceneViewState":{"showFog":true,"showMaterialUpdate":false,"showSkybox":false,"showFlares":true,"showImageEffects":true,"showParticleSystems":true},"in2DMode":false,"pivot":{"x":0.5483750104904175,"y":2.424476385116577,"z":4.3850626945495609},"rotation":{"x":0.00960727408528328,"y":0.9857550263404846,"z":-0.156867116689682,"w":0.060372184962034228},"size":2.5259251594543459,"orthographic":false}