{"cameraMode":{"drawMode":0,"name":"Shaded","section":"Shading Mode"},"sceneLighting":false,"audioPlay":false,"sceneViewState":{"showFog":true,"showMaterialUpdate":false,"showSkybox":false,"showFlares":true,"showImageEffects":true,"showParticleSystems":true},"in2DMode":false,"pivot":{"x":-1.4275954961776734,"y":4.452903747558594,"z":2.1640124320983888},"rotation":{"x":0.016751188784837724,"y":0.9741308093070984,"z":-0.08081365376710892,"w":0.21052773296833039},"size":3.18843412399292,"orthographic":false}