{"cameraMode":{"drawMode":0,"name":"Shaded","section":"Shading Mode"},"sceneLighting":false,"audioPlay":false,"sceneViewState":{"showFog":true,"showMaterialUpdate":false,"showSkybox":false,"showFlares":true,"showImageEffects":true,"showParticleSystems":true},"in2DMode":false,"pivot":{"x":-5.3484625816345219,"y":4.848099708557129,"z":7.250906944274902},"rotation":{"x":-0.07275159657001496,"y":-0.9094343781471252,"z":0.17960023880004884,"w":-0.3680762052536011},"size":2.5367183685302736,"orthographic":false}