{"cameraMode":{"drawMode":0,"name":"Shaded","section":"Shading Mode"},"sceneLighting":false,"audioPlay":false,"sceneViewState":{"showFog":true,"showMaterialUpdate":false,"showSkybox":false,"showFlares":true,"showImageEffects":true,"showParticleSystems":true},"in2DMode":false,"pivot":{"x":0.9217779040336609,"y":1.3634048700332642,"z":-0.6808810234069824},"rotation":{"x":-0.005534857511520386,"y":-0.9903179407119751,"z":0.13299499452114106,"w":-0.04070490598678589},"size":3.18843412399292,"orthographic":false}