{"cameraMode":{"drawMode":0,"name":"Shaded","section":"Shading Mode"},"sceneLighting":false,"audioPlay":false,"sceneViewState":{"showFog":true,"showMaterialUpdate":false,"showSkybox":false,"showFlares":true,"showImageEffects":true,"showParticleSystems":true},"in2DMode":false,"pivot":{"x":8.602048873901368,"y":5.922962188720703,"z":0.9066735506057739},"rotation":{"x":0.12406572699546814,"y":-0.742617130279541,"z":0.14344799518585206,"w":0.6423262357711792},"size":0.13671857118606568,"orthographic":false}